{"metrics": {"lr": [0.001], "loss": [8.716198091506959, 8.69333309173584, 8.658828360135438, 8.64153133392334, 8.589336900711059, 8.569640121459962, 8.524008478437151, 8.492285251617432, 8.468897008895874, 8.42699646949768, 8.385380220413207, 8.338843240970519, 8.300464210510254, 8.27673384666443, 8.239579286575317, 8.162176664485488, 8.153964929580688, 8.115385451316833, 8.073929233551025], "ppl": [6100.939724584254, 5963.024463929913, 5760.78114608911, 5661.993592043587, 5374.0489656155105, 5269.233164998695, 5034.192819695414, 4876.998516940513, 4764.257636562364, 4568.757063291096, 4382.524557923893, 4183.247931784292, 4025.7407513014828, 3931.333053312685, 3787.946333016462, 3505.809275296957, 3477.138378914273, 3345.5468811343208, 3209.688701036085], "epoch_loss": {"TRAIN": [8.825247208458416, 8.593822206150401, 8.444130895349593, 8.278964663963926, 8.104020505396814], "VALID": [8.63664362165663, 8.491393211560371, 8.327452516963339, 8.154816378895035, 7.971420186197656]}, "epoch_ppl": {"TRAIN": [6803.87245982526, 5398.207355048586, 4647.714606771464, 3940.112928605822, 3307.7401643349694], "VALID": [5634.386918208544, 4872.649978728673, 4135.868066909999, 3480.1002467641247, 2896.968679046115]}}, "name": "prototype.rnn_lm_li", "finished": true, "config": {"epochs": 5, "batch_tokens": 1000, "parallel": false, "pin_memory": false, "logging": {"log_interval": 100, "checkpoint_interval": 1000, "samples_interval": 500, "emb_inspect_interval": 1000, "module_grad_interval": 500}, "optim": {"optimizer": "ranger", "lr": 0.001, "k": 10, "weight_decay": 0.0, "clip": 1, "scheduler": "plateau", "step_size": 1, "patience": 2, "eta_min": 1e-05, "min_lr": 0.0001, "gamma": 0.3, "milestones": [5, 15], "early_stop": 10}, "losses": {"lm": {"tag": "lm", "weight": 1, "perplexity": true}}, "data": {"train_path": "/Users/es.py/Projects/Personal/lm-prior-for-nmt/data/processed/mono/ln_mono_train.pp", "val_path": "/Users/es.py/Projects/Personal/lm-prior-for-nmt/data/processed/mono/ln_mono_val.pp", "subword_path": null, "seq_len": 250, "sos": true, "vocab_size": 10000, "embeddings": "../data/embeddings/lingala_embeddings_fasttext/embedding_50_all_lingala_corpus.bin"}, "model": {"mode": "LM", "type": "rnn", "emb_trainable": false, "emb_size": 50, "emb_dropout": 0.1, "emb_layer_norm": false, "emb_max_norm": null, "inp_dropout": 0.0, "rnn_size": 512, "rnn_layers": 1, "rnn_dropout": 0.1, "rnn_layer_norm": false, "rnn_type": "LSTM", "out_layer_norm": false, "tie_projections": true, "countdown": false}, "name": "prototype.rnn_lm_li", "desc": null, "config": "../configs/prototype.rnn_lm_li.yaml", "tag": null, "visdom": false, "resume_cp": null, "resume_state_id": null, "device": "cpu", "cores": 4, "src_dirs": ["/Users/es.py/Projects/Personal/lm-prior-for-nmt/models/models", "/Users/es.py/Projects/Personal/lm-prior-for-nmt/models/modules", "/Users/es.py/Projects/Personal/lm-prior-for-nmt/models/helpers"]}}